{
  "BNBUSDT": {
    "MA20": {
      "bottoms": 61,
      "tops": 56,
      "bottom_range": [
        -2.4168960174877805,
        -0.3809794055422919
      ],
      "top_range": [
        0.2784242357478297,
        1.976070762563628
      ]
    },
    "MA50": {
      "bottoms": 60,
      "tops": 53,
      "bottom_range": [
        -3.649850191626003,
        -0.0494130873997117
      ],
      "top_range": [
        -0.541072131349441,
        2.6263633065470104
      ]
    },
    "MA100": {
      "bottoms": 56,
      "tops": 48,
      "bottom_range": [
        -5.1736155023269035,
        -0.7957469809798965
      ],
      "top_range": [
        -2.936680709643261,
        2.079429825289229
      ]
    },
    "MA200": {
      "bottoms": 52,
      "tops": 44,
      "bottom_range": [
        -7.134839010172391,
        -1.2449632261153554
      ],
      "top_range": [
        -4.467463717006194,
        1.0332815725271802
      ]
    }
  },
  "BTCUSDT": {
    "MA20": {
      "bottoms": 57,
      "tops": 57,
      "bottom_range": [
        -1.8057193539371224,
        -0.19855306254479582
      ],
      "top_range": [
        0.016511112861870184,
        1.0511966810004179
      ]
    },
    "MA50": {
      "bottoms": 57,
      "tops": 56,
      "bottom_range": [
        -2.556122191689031,
        0.06373618135050106
      ],
      "top_range": [
        -0.7159825062873453,
        1.5625134767818367
      ]
    },
    "MA100": {
      "bottoms": 53,
      "tops": 54,
      "bottom_range": [
        -3.6182299468121153,
        -0.5021471682954702
      ],
      "top_range": [
        -1.6998884276709987,
        1.5987669176741308
      ]
    },
    "MA200": {
      "bottoms": 46,
      "tops": 49,
      "bottom_range": [
        -4.627389938348834,
        -0.8559389248320624
      ],
      "top_range": [
        -3.8392837517317653,
        1.6999359680336432
      ]
    }
  },
  "ETHUSDT": {
    "MA20": {
      "bottoms": 59,
      "tops": 58,
      "bottom_range": [
        -2.426158326005055,
        -0.3167919559193181
      ],
      "top_range": [
        0.17924993331945754,
        1.8843939844190742
      ]
    },
    "MA50": {
      "bottoms": 57,
      "tops": 56,
      "bottom_range": [
        -3.9812150131812607,
        -0.3008811786031745
      ],
      "top_range": [
        -0.9572554368970367,
        1.6130730124008716
      ]
    },
    "MA100": {
      "bottoms": 53,
      "tops": 54,
      "bottom_range": [
        -6.389333714506076,
        -0.4962763904284695
      ],
      "top_range": [
        -3.115743835096419,
        1.8926142519921003
      ]
    },
    "MA200": {
      "bottoms": 47,
      "tops": 49,
      "bottom_range": [
        -7.909624064038413,
        -1.0927489247733693
      ],
      "top_range": [
        -4.052682045847019,
        1.3506526588062668
      ]
    }
  },
  "SOLUSDT": {
    "MA20": {
      "bottoms": 61,
      "tops": 53,
      "bottom_range": [
        -3.2905165345722778,
        -0.5665768107052332
      ],
      "top_range": [
        0.28567646393174984,
        2.0358716374325017
      ]
    },
    "MA50": {
      "bottoms": 61,
      "tops": 50,
      "bottom_range": [
        -4.846043096882955,
        -0.44207313792293934
      ],
      "top_range": [
        -1.1576520836799,
        2.5039705222788515
      ]
    },
    "MA100": {
      "bottoms": 57,
      "tops": 49,
      "bottom_range": [
        -7.708181579092168,
        -0.8380561504507182
      ],
      "top_range": [
        -3.4722303422751013,
        3.1097477871631933
      ]
    },
    "MA200": {
      "bottoms": 49,
      "tops": 45,
      "bottom_range": [
        -9.108037796500037,
        -1.0122747669290897
      ],
      "top_range": [
        -4.931794763351707,
        2.454108542809845
      ]
    }
  },
  "ADAUSDT": {
    "MA20": {
      "bottoms": 63,
      "tops": 51,
      "bottom_range": [
        -2.9172002385938853,
        -0.19203383855389222
      ],
      "top_range": [
        0.22391671265876772,
        2.4656659275405235
      ]
    },
    "MA50": {
      "bottoms": 62,
      "tops": 50,
      "bottom_range": [
        -4.661085516232019,
        -0.36412600140745105
      ],
      "top_range": [
        -1.1261718992683636,
        2.3499616836071433
      ]
    },
    "MA100": {
      "bottoms": 58,
      "tops": 49,
      "bottom_range": [
        -7.26201151706975,
        0.0080278848671273
      ],
      "top_range": [
        -3.264370059529616,
        2.1233899063260395
      ]
    },
    "MA200": {
      "bottoms": 51,
      "tops": 42,
      "bottom_range": [
        -8.362222606186759,
        -1.0942733562598916
      ],
      "top_range": [
        -5.900108117613936,
        1.788345013189364
      ]
    }
  }
}